produto_filial_id;filial_id;produto_id;dt_inicio;valor;valor_cnpj;valor_compra;ranking
26;96;222257;2021-05-12 15:57:31;46.89;46.89;;1
79;8;222318;2018-04-03 16:02:59;45.00;45.00;;1
83;8;222327;2018-04-04 14:26:42;73.40;73.40;;1
90;8;222340;2018-04-05 13:30:35;200.00;200.00;;1
96;8;222350;2020-09-24 09:57:28.86565;1899.00;1899.00;;1
4860;8;4596;2020-12-23 09:53:32.329214;147.40;147.40;77.58;1
34099;8;7268;2019-07-04 11:52:31.529924;260.00;260.00;;1
34259;8;7706;2019-04-02 11:27:17;129.99;129.99;;1
34420;8;6550;2019-04-02 11:21:28;167.70;167.70;;1
38380;8;7833;2019-12-06 10:25:22.626159;1610.00;;;1
55137;8;13928;2020-07-30 10:31:13.211649;2212.50;2212.50;2212.50;1
57882;8;15650;2021-03-10 15:42:58.481466;1479.00;1479.00;;1
70379;8;14224;2017-09-29 10:50:30;1068.12;1068.12;;1
70380;8;14225;2021-03-04 18:22:07.880372;1109.00;1109.00;;1
110764;8;45980;2020-12-17 10:15:56.692094;36.00;36.00;;1
111684;8;49163;2021-05-10 12:08:38;349.00;;175.00;1
113731;8;56441;2017-09-28 13:59:02;78.78;78.78;;1
114185;8;57856;2021-02-02 17:35:14.091839;169.00;169.00;;1
115162;8;57629;2021-04-29 14:38:57.818768;689.00;689.00;;1
115701;96;58075;2021-05-06 15:16:24.507396;34.99;34.99;;1
115709;8;58092;2018-08-06 17:04:49;210.00;210.00;;1
132260;8;222516;2021-05-11 17:11:53;24.63;24.63;9.85;1
132268;8;222566;2018-12-05 15:27:46;20.00;20.00;;1
132284;8;222485;2021-05-11 17:11:02;5.00;5.00;0.72;1
132286;8;222487;2021-05-11 17:11:04;5.00;5.00;0.80;1
132288;8;222489;2021-05-11 17:11:07;5.00;5.00;0.76;1
132289;8;222490;2021-05-11 17:07:18;20.05;20.05;0.80;1
132290;8;222491;2021-05-11 17:11:09;5.00;5.00;0.80;1
132292;8;222493;2021-05-11 17:11:18;7.00;7.00;1.42;1
132294;8;222495;2021-05-11 17:11:55;5.00;5.00;0.97;1
132296;8;222497;2021-05-11 17:11:14;5.00;5.00;0.87;1
132298;8;222499;2021-05-11 17:11:19;5.00;5.00;0.82;1
132300;8;222501;2021-05-11 17:11:26;7.00;7.00;1.28;1
132301;8;222502;2021-05-11 17:11:11;12.00;12.00;3.71;1
132303;8;222504;2021-05-11 17:11:48;20.00;20.00;5.65;1
132305;8;222506;2021-05-11 17:11:13;12.00;12.00;3.74;1
132309;8;222510;2021-05-11 17:11:28;20.00;20.00;6.85;1
132311;8;222512;2021-05-11 17:11:51;30.40;30.40;12.16;1
132313;8;222514;2021-05-11 17:11:31;20.00;20.00;6.96;1
132317;8;222519;2021-05-11 17:11:56;5.00;5.00;0.90;1
132319;8;222521;2021-05-11 17:11:16;7.00;7.00;1.48;1
132320;8;222522;2021-05-11 17:11:49;20.00;20.00;5.85;1
132323;8;222525;2021-05-11 17:11:23;7.00;7.00;1.26;1
132325;8;222527;2021-05-11 17:11:06;5.00;5.00;0.82;1
132327;8;222529;2021-05-11 17:11:01;5.00;5.00;0.73;1
132329;8;222531;2021-05-11 17:11:35;5.00;5.00;0.68;1
132331;8;222533;2021-05-11 17:11:45;5.00;5.00;0.60;1
132333;8;222535;2021-05-11 17:11:43;5.00;5.00;0.63;1
132335;8;222537;2021-05-11 17:11:37;5.00;5.00;0.54;1
132337;8;222539;2021-05-11 17:11:34;5.00;5.00;0.69;1
132339;8;222541;2021-05-11 17:11:39;5.00;5.00;0.53;1
132341;8;222543;2021-05-11 17:11:41;5.00;5.00;0.60;1
132346;8;222584;2021-05-10 17:37:26.974757;119.00;119.00;;1
133279;8;227052;2021-04-28 11:02:17.276424;669.00;669.00;;1
133463;8;227386;2021-04-13 10:08:32.235041;105.00;105.00;;1
133466;8;227389;2018-07-17 13:43:48;55.00;55.00;;1
133472;8;6901;2020-12-18 15:14:05.96466;670.80;670.80;390.00;1
133473;8;227397;2020-12-08 21:02:49.838719;149.00;149.00;;1
133494;8;227416;2021-03-10 12:46:59.136947;102.60;106.20;;1
134683;8;231154;2018-09-19 07:50:53;27.50;27.50;;1
134713;8;231217;2020-06-16 11:36:40.013526;849.99;849.99;;1
134740;8;231272;2018-08-31 13:31:09;35.00;35.00;;1
134741;8;231273;2018-12-07 15:40:04;42.00;42.00;;1
135831;8;228731;2019-12-22 15:43:05.936101;97.72;97.72;;1
137667;8;231278;2018-08-31 15:17:39;2.99;2.99;;1
137696;8;231350;2021-05-11 17:11:46;12.00;12.00;3.97;1
137712;8;227383;2021-03-23 11:49:05;141.38;;76.42;1
137718;8;231437;2018-09-10 11:08:36;295.00;295.00;;1
137825;8;231266;2021-04-14 11:20:53.490312;529.00;529.00;;1
138176;8;231539;2020-02-17 14:19:44.671285;175.00;;;1
138200;96;9817;2020-12-30 11:20:12;214.92;214.92;;1
138204;8;231563;2018-09-26 10:32:05;269.99;269.99;;1
138205;96;231564;2020-12-30 11:20:13;17.28;17.28;;1
138229;8;231581;2020-03-04 16:55:11.715596;60.00;60.00;27.00;1
138257;8;231609;2018-10-03 12:10:38;35.00;35.00;;1
138266;8;231617;2018-10-04 13:45:21;99.99;99.99;;1
138802;8;231695;2021-02-02 17:02:31.314838;315.00;315.00;;1
139191;8;231742;2020-09-10 18:05:40.76964;1369.00;1369.00;;1
139601;8;227172;2021-05-11 17:11:21;7.00;7.00;1.17;1
139622;8;231799;2018-11-28 10:21:19;259.99;259.99;;1
139638;8;231814;2021-02-08 09:49:23.161561;327.67;327.67;182.04;1
139648;8;231824;2020-05-22 09:06:47.938005;1119.00;1119.00;;1
139650;8;231829;2021-01-25 11:24:36.035209;329.04;329.04;;1
139652;8;231831;2021-01-25 11:26:21.682352;318.60;318.60;;1
139653;8;231832;2020-01-15 11:56:46.593267;499.99;499.99;;1
139657;8;58063;2021-02-18 17:23:40.104989;427.50;427.50;225.00;1
139701;8;14831;2021-05-11 09:29:36.202687;440.00;440.00;;1
139710;8;15729;2018-12-07 15:01:21;249.04;249.04;;1
139711;8;15123;2019-05-02 16:38:59;546.75;546.75;;1
139817;96;231978;2020-12-30 11:20:58;335.98;335.98;;1
140742;96;12147;2020-12-30 11:21:49;267.33;267.33;;1
140800;96;15653;2020-12-30 11:21:51;300.15;300.15;;1
141295;8;15821;2019-01-31 12:03:50;252.10;252.10;;1
141403;8;233248;2018-12-18 09:51:48;45.00;45.00;;1
141419;8;233262;2020-09-25 16:33:36.163739;5.00;5.00;;1
141421;8;233264;2020-09-25 16:33:38.057941;5.00;5.00;;1
141422;8;233265;2020-09-25 16:33:35.021403;5.00;5.00;;1
141423;8;233266;2020-09-25 16:33:39.925418;5.00;5.00;;1
141463;8;233305;2020-11-25 12:27:04.125075;61.00;;;1
141556;8;233398;2018-12-20 13:37:30;22.84;22.84;;1
142402;8;234245;2020-05-25 08:58:43.003557;2485.00;2485.00;;1
142416;96;1446;2020-12-30 11:28:02;117.72;117.72;;1
142424;8;234269;2019-01-07 14:55:37;1449.99;1449.99;;1
142430;8;234274;2019-01-09 08:11:27;32.99;32.99;;1
142469;96;231819;2021-04-15 17:23:43.208329;399.00;399.00;;1
142474;8;234315;2021-03-02 09:22:39.478569;120.65;120.65;63.49;1
142506;8;234348;2020-11-04 12:18:22.709095;1000.00;1000.00;540.00;1
142521;8;234351;2019-01-31 16:37:22.024262;207.00;207.00;;1
142532;8;234362;2019-02-28 12:18:12.447539;24.99;24.99;;1
144318;96;236141;2020-12-30 11:28:28;133.17;133.17;;1
144319;96;236142;2020-12-30 11:28:28;251.64;251.64;;1
145643;8;237466;2021-04-01 12:33:02.190542;59.00;59.00;;1
146274;8;238097;2021-03-11 10:00:13.480734;229.00;229.00;;1
146275;8;238098;2021-04-27 14:18:32.649683;205.00;205.00;;1
148191;8;240033;2019-04-09 11:13:32.634832;524.40;524.40;;1
148203;8;240044;2019-04-12 13:06:22.836311;1360.00;1360.00;;1
161662;8;240918;2020-06-25 11:05:27.997702;549.00;549.00;;1
184492;8;20002;2020-05-25 12:33:42.527684;21.99;21.99;;1
187553;96;243964;2020-12-30 11:35:40;7.55;7.55;;1
187585;8;33600;2019-05-13 15:50:56.419865;32.99;32.99;;1
187593;8;244007;2021-03-13 09:24:17.088809;139.99;139.99;;1
190189;8;246612;2019-05-29 17:10:37.896283;188.86;188.86;;1
191634;8;248057;2021-03-22 12:39:58.932158;494.99;494.99;;1
191635;8;248058;2021-03-22 12:40:56.225744;439.99;439.99;;1
193755;8;250178;2021-03-01 18:14:44.317007;399.00;399.00;;1
195907;8;252330;2021-03-15 10:11:58.690549;230.00;230.00;;1
198944;8;255367;2021-04-06 10:58:31;174.28;174.28;89.37;1
202523;8;258946;2021-04-15 12:51:34.487893;148.00;148.00;;1
215046;96;15045;2020-12-30 11:35:50;370.38;370.38;;1
239931;8;271508;2019-06-10 09:27:16.631708;65.02;65.02;;1
240183;8;271781;2021-02-26 10:15:32.67934;1041.05;1041.05;562.73;1
243468;8;275048;2021-03-08 16:54:06.675247;3900.00;3900.00;;1
244231;8;275810;2020-12-15 10:23:07.751282;100.00;100.00;;1
248454;8;280034;2019-06-27 17:01:34.359373;13.00;13.00;;1
249404;96;280982;2020-12-30 11:36:00;834.17;834.17;;1
249406;8;280988;2021-04-22 14:48:10.999204;132.00;132.00;;1
249611;8;281199;2019-07-15 15:00:19.194417;236.71;236.71;;1
249613;8;281201;2021-03-23 11:57:03;645.26;;358.48;1
249618;8;281204;2019-07-16 14:13:53.362462;35.00;35.00;;1
249629;8;281219;2021-01-15 14:54:15.130107;1089.00;1089.00;;1
249641;8;281226;2019-07-19 10:14:01.927041;229.99;229.99;;1
249651;8;281236;2019-07-23 11:48:38.867358;120.00;120.00;;1
249662;8;281242;2021-04-20 13:11:12.651704;109.00;109.00;;1
249675;96;230355;2020-12-30 11:36:12;237.60;237.60;120.00;1
249684;8;281268;2020-11-10 09:12:54.359223;739.00;739.00;;1
249698;8;281284;2020-05-27 11:05:34.985985;2050.00;2050.00;;1
249705;8;281291;2021-04-28 11:11:56.707328;206.00;206.00;;1
249716;8;281303;2021-01-07 15:37:33.62611;1879.00;1879.00;;1
251996;8;283585;2021-05-06 14:45:36.65211;129.99;129.99;;1
252459;96;284049;2020-12-30 19:42:15;195.20;195.20;102.74;1
253198;8;284786;2020-09-09 10:59:19.98358;126.00;126.00;;1
253234;8;284821;2019-08-28 10:35:43.474395;205.00;205.00;;1
253244;8;284833;2020-11-16 16:48:54.677085;295.00;295.00;;1
253296;8;284877;2020-12-17 22:08:08.11446;18.89;18.89;;1
253298;8;284879;2021-04-08 11:07:06.548284;123.77;123.77;64.83;1
253362;8;284943;2021-03-26 14:54:58.143224;503.50;503.50;265.00;1
314282;8;280921;2019-09-24 09:56:37.799136;2385.00;2385.00;;1
314300;8;285024;2020-01-24 16:29:47.387961;750.00;750.00;;1
314328;8;285018;2019-09-30 11:30:55.145765;708.00;708.00;;1
314357;8;284836;2020-08-27 11:57:18.078875;70.00;70.00;;1
314359;8;285071;2021-04-12 07:54:20.940182;570.91;570.91;;1
314361;8;285073;2020-11-11 12:24:13.555917;427.31;427.31;;1
315635;8;52089;2020-11-12 14:39:05.63823;99.99;99.99;;1
315700;96;286336;2020-12-30 11:36:30;110.48;110.48;;1
315701;96;286337;2020-12-30 11:36:30;527.04;527.04;;1
317206;8;287842;2019-10-11 15:18:38.893913;187.85;187.85;;1
317226;8;287860;2019-10-16 17:15:45.335713;50.00;50.00;;1
317278;96;281297;2020-12-30 12:08:45;155.55;155.55;;1
317293;8;240921;2021-04-12 12:46:16.302446;489.00;489.00;;1
317325;8;287955;2020-05-27 17:28:27.536768;97.00;97.00;;1
317391;8;288018;2019-11-21 14:14:28.85807;21.30;21.30;;1
317392;8;288019;2019-11-21 14:27:55.939715;68.20;68.20;;1
317497;8;288119;2019-12-11 09:28:41.603701;247.50;247.50;150.00;1
317510;8;288133;2021-02-23 17:14:00.952425;525.50;525.50;245.00;1
321407;96;292041;2021-02-09 16:34:04.308803;200.00;200.00;;1
322865;96;293499;2021-03-16 10:39:41.253713;120.00;120.00;;1
324387;8;295022;2021-04-15 18:04:07;72.39;72.39;32.90;1
327538;8;298173;2021-03-30 17:36:54.237312;150.00;150.00;;1
327808;8;298443;2021-04-24 18:25:19.627832;49.00;49.00;;1
329956;8;300591;2020-12-07 08:36:53.321473;290.00;290.00;;1
330732;8;301367;2021-04-15 15:29:57;79.90;;34.14;1
332142;8;302777;2021-02-26 16:06:40.862697;1199.00;1199.00;;1
332272;8;302907;2021-01-18 16:03:18.572459;50.00;50.00;;1
339640;96;310275;2021-04-01 12:34:49.032361;59.00;59.00;;1
340446;8;311080;2020-06-30 11:47:59.149468;489.00;489.00;;1
340483;8;311123;2020-06-09 13:52:59.313727;369.00;369.00;;1
340561;8;311206;2020-01-16 15:17:28.598252;12.90;12.90;6.56;1
340562;8;311207;2020-05-11 16:25:03.328968;9.99;9.99;;1
340565;8;311210;2021-04-22 17:54:44.988798;125.00;125.00;;1
340568;8;311213;2021-04-13 09:47:18.956742;85.00;85.00;;1
340579;8;311224;2020-09-15 12:11:31.752391;199.00;199.00;;1
340583;8;311227;2021-02-03 14:43:31.924051;329.36;329.36;;1
340627;8;311275;2020-01-29 10:42:24.479338;22.08;22.08;9.20;1
340628;8;311276;2020-01-29 10:56:59.743032;23.00;23.00;2.60;1
391363;96;7211;2020-12-30 11:38:21;99.36;99.36;;1
393015;8;316243;2021-03-23 08:28:13.080222;80.15;80.15;38.16;1
393083;8;316340;2021-04-08 15:51:24.805365;659.00;659.00;;1
399918;8;323174;2021-04-15 12:53:10.79693;149.00;149.00;;1
410179;8;325603;2021-05-03 12:24:26.380563;69.00;69.00;;1
430139;96;345563;2020-12-30 11:38:43;112.65;112.65;53.49;1
433261;8;348685;2020-12-21 12:38:09;228.82;228.82;120.43;1
438045;8;353469;2020-09-30 19:38:40;80.83;80.83;38.49;1
499223;96;369487;2021-04-30 11:27:26.575241;425.00;;;1
499255;8;369524;2020-10-08 17:01:46.454556;399.00;399.00;;1
499285;8;8545;2020-06-24 16:36:03.743321;149.99;149.99;;1
499287;8;369559;2021-05-04 17:26:36.02325;929.00;929.00;;1
499293;8;258164;2020-07-14 09:27:43.781372;85.00;85.00;;1
499294;8;254056;2021-04-01 11:02:50.704872;239.00;239.00;;1
499295;8;254058;2021-04-01 11:09:13.802352;225.00;225.00;;1
499296;8;254057;2021-05-06 08:24:32.350344;225.00;225.00;;1
499297;8;257500;2021-04-01 10:46:04.172556;165.00;165.00;;1
499299;96;257005;2021-04-01 11:11:04.997557;189.00;189.00;;1
499300;8;257006;2021-04-01 10:53:30.902085;185.00;185.00;;1
499301;96;257007;2021-04-01 11:12:05.920059;189.00;189.00;;1
499344;8;253461;2020-11-10 17:38:41.116663;215.00;215.00;;1
499348;8;258163;2021-05-05 14:54:50.930315;99.00;99.00;;1
499351;8;256077;2021-04-01 10:58:59.074362;189.00;189.00;;1
499355;8;369592;2020-09-23 14:48:30.777387;188.54;188.54;;1
499357;8;369594;2021-01-11 09:19:21.663166;2129.00;2129.00;;1
499362;8;369600;2021-04-27 16:32:20.673792;155.00;155.00;;1
499363;96;369601;2021-04-27 19:14:45.864205;129.00;129.00;;1
499382;8;369629;2021-04-01 11:07:13.948843;209.00;209.00;;1
499383;8;369630;2021-04-01 11:08:07.788928;209.00;209.00;;1
499398;8;369642;2020-09-02 11:44:14.074785;136.80;136.80;72.00;1
499400;8;369643;2021-04-12 16:05:01;121.92;;64.17;1
499401;8;369644;2021-04-12 16:04:38;121.92;;64.17;1
499409;96;369647;2021-04-01 10:36:32.797337;219.00;219.00;;1
499442;8;8780;2020-07-27 18:42:49.463726;59.00;59.00;;1
499445;8;369673;2021-04-27 18:48:44.636685;1119.00;1119.00;;1
499449;8;8779;2020-07-27 18:52:15.344729;59.00;59.00;;1
499495;8;289887;2020-12-14 10:52:57.633655;59.00;59.00;;1
499524;8;369759;2021-01-22 10:08:08.300056;599.00;599.00;;1
499525;8;369760;2021-01-22 10:12:28.701316;599.00;599.00;;1
499527;8;369762;2021-03-25 13:09:57.235368;159.00;159.00;;1
499528;96;369763;2021-05-10 16:49:41;192.00;192.00;;1
499529;8;369764;2021-03-29 18:07:05.361413;125.99;125.99;;1
499530;8;369765;2021-03-29 18:07:43.868004;125.90;125.90;;1
499531;8;369766;2021-04-08 12:11:12;289.00;;155.00;1
499567;8;307455;2021-03-23 10:41:16.963094;69.99;69.99;;1
499573;8;307619;2021-03-23 10:38:32.032877;69.99;69.99;;1
499582;8;369796;2020-09-01 11:53:52.771708;115.20;115.20;60.00;1
499583;8;369797;2020-09-01 15:43:17.8334;115.20;115.20;60.00;1
499589;8;369801;2020-12-10 13:23:47.769743;99.99;99.99;;1
499590;8;369802;2020-09-02 11:22:51.896069;115.20;115.20;60.00;1
499593;8;369805;2020-09-02 12:16:44.48842;115.20;115.20;60.00;1
499594;8;369806;2020-09-02 12:18:20.41508;136.80;136.80;72.00;1
499605;8;369819;2021-04-15 17:44:29.659924;125.00;125.00;;1
499607;8;369820;2021-04-15 17:46:44.593965;125.00;125.00;;1
499611;96;254646;2021-04-01 10:38:27.480533;209.00;209.00;;1
499631;96;369827;2021-05-06 14:48:35.65074;137.00;137.00;;1
499722;8;303858;2021-03-23 10:29:45.167217;79.99;79.99;;1
499725;96;303145;2021-03-23 11:25:38.796608;79.99;79.99;;1
499757;8;369874;2021-04-12 13:47:23.945019;279.00;279.00;;1
500961;8;249712;2020-10-26 14:01:11.300412;406.98;406.98;238.00;1
500964;8;249713;2020-10-26 13:59:51.633024;406.98;406.98;238.00;1
500985;96;38272;2020-09-29 12:04:12.686493;50.00;50.00;;1
501008;96;370509;2021-01-22 15:22:55.292571;10.00;10.00;0.98;1
501041;8;370523;2021-03-22 12:37:57.42269;584.99;584.99;;1
501061;8;370536;2021-05-04 14:53:41;70.40;70.40;40.00;1
501066;8;370541;2020-10-20 11:24:03.222599;107.25;107.25;;1
501069;8;370542;2021-03-25 13:12:06.727057;115.00;115.00;;1
501075;8;370544;2020-10-20 12:57:55.46737;148.80;148.80;80.00;1
501079;8;370546;2020-10-20 17:53:53.060492;88.40;88.40;44.20;1
501081;8;370547;2021-04-23 08:39:35.068067;79.99;79.99;;1
501117;8;16292;2020-10-26 14:02:20.472297;307.98;307.98;174.00;1
501123;8;8791;2020-10-27 10:21:52.838735;69.00;69.00;;1
501126;8;370561;2021-03-30 15:29:50.826189;239.00;239.00;105.07;1
501130;8;7256;2021-04-26 14:26:30.581872;345.00;345.00;;1
501133;8;7257;2021-04-26 14:27:41.69666;345.00;345.00;;1
501140;8;247982;2021-04-26 14:24:21.688765;345.00;345.00;;1
501143;8;370565;2021-04-26 14:25:39.196462;345.00;345.00;;1
501153;8;8778;2020-11-03 13:20:09.362254;70.00;70.00;;1
501202;8;354769;2020-11-05 18:15:55.220347;249.00;249.00;;1
501205;8;354775;2020-11-05 18:20:48.866265;249.00;249.00;;1
501876;8;370910;2020-11-10 16:36:54.663418;274.50;274.50;155.10;1
501914;8;249559;2020-11-11 12:35:28.260195;381.44;381.44;;1
501948;8;249399;2020-11-12 15:18:54.139537;455.00;455.00;;1
501951;8;370944;2020-11-13 09:31:02.937953;59.00;59.00;25.69;1
501961;8;310270;2020-11-25 09:11:39.215097;339.00;339.00;;1
501967;8;308285;2020-11-16 14:49:39.352756;339.00;339.00;;1
501994;8;370955;2020-11-16 17:03:42.065538;93.00;93.00;47.68;1
501996;8;48487;2021-03-22 09:26:10.594762;1169.00;1169.00;;1
501999;8;370956;2021-03-26 14:45:40.55211;574.20;574.20;;1
502027;8;370967;2021-03-30 11:40:28.501628;39.99;39.99;;1
502031;8;370969;2021-04-06 14:55:49.241299;229.90;229.90;;1
502033;8;327301;2021-04-13 09:21:11.959465;120.00;120.00;;1
502036;8;327092;2021-04-13 09:23:32.357572;120.00;120.00;;1
502039;8;320252;2020-11-24 18:31:29.642269;120.00;120.00;;1
502042;8;323342;2020-11-24 18:33:01.811672;120.00;120.00;;1
502056;8;318120;2021-04-23 18:40:02.91636;249.00;249.00;;1
502062;8;370973;2020-11-27 09:39:14.618828;319.99;319.99;;1
502068;8;370976;2021-04-27 18:09:12.447459;879.00;879.00;;1
502082;8;370983;2020-11-27 11:46:19.79818;218.00;218.00;120.00;1
502084;8;370984;2020-11-27 11:47:22.881714;302.60;302.60;170.00;1
502086;8;370985;2020-12-15 12:21:08.364602;209.00;209.00;;1
502088;8;370496;2021-03-24 10:32:41.699247;449.99;449.99;;1
502093;8;370990;2021-02-24 08:27:47.110967;485.98;485.98;;1
502096;8;256825;2021-04-12 14:55:24.640996;149.99;149.99;;1
502099;8;256824;2021-04-12 14:54:35.097809;149.00;149.00;;1
502112;8;370996;2021-01-20 09:42:37.620931;351.50;351.50;185.00;1
502115;8;370997;2021-01-20 09:41:54.889462;351.50;351.50;185.00;1
502121;8;257096;2021-04-26 16:59:28.761932;99.99;99.99;;1
502124;8;333335;2021-01-21 11:21:08.145925;135.30;135.30;;1
502127;8;329723;2021-04-26 17:00:56.816025;99.99;99.99;;1
502130;8;346096;2021-03-12 11:18:01.736529;162.00;162.00;;1
502133;8;251816;2021-03-30 09:19:34;305.71;;165.25;1
502136;8;251817;2021-03-30 09:19:35;305.71;;165.25;1
502139;8;370998;2021-01-25 14:16:11.250444;117.42;117.42;61.80;1
502141;8;370999;2021-01-25 14:16:54.731896;117.42;117.42;61.80;1
502155;8;371003;2021-04-09 09:54:42.758549;749.00;749.00;;1
502158;8;325729;2021-01-18 10:48:39.395768;837.00;837.00;450.00;1
502161;8;48049;2020-12-02 17:14:01.429463;699.00;699.00;;1
502164;8;47922;2021-03-23 08:24:16.867351;270.00;270.00;;1
502167;8;344428;2020-12-02 17:50:59.41561;269.00;269.00;;1
502186;8;313491;2020-12-07 13:04:07.076148;50.00;50.00;;1
502195;8;351524;2021-01-12 15:34:18.789442;380.00;380.00;200.00;1
502222;8;269837;2020-12-09 10:27:10.599568;15.00;15.00;;1
502225;8;269838;2020-12-09 10:26:43.458617;15.00;15.00;;1
502228;8;269839;2020-12-09 10:28:19.676282;15.00;15.00;;1
502231;8;269840;2020-12-09 10:28:49.33752;15.00;15.00;;1
502234;8;269841;2020-12-09 10:29:15.693833;15.00;15.00;;1
502237;8;269842;2020-12-09 10:30:06.064319;15.00;15.00;;1
502240;8;269843;2020-12-09 10:30:34.122185;15.00;15.00;;1
502243;8;269844;2020-12-09 10:30:55.291001;15.00;15.00;;1
502246;8;269845;2020-12-09 10:31:30.682212;15.00;15.00;;1
502252;8;270809;2020-12-09 10:33:30.22296;15.00;15.00;;1
502257;8;313971;2020-12-09 12:36:00.170625;55.00;55.00;;1
502339;96;371067;2021-05-10 19:00:35;799.00;799.00;;1
502342;8;332988;2020-12-15 13:00:29.347398;325.00;325.00;;1
502345;8;326131;2021-05-10 18:58:57.363499;345.00;345.00;;1
502367;8;371070;2020-12-17 14:13:44.424046;21.55;21.55;8.62;1
502374;8;371081;2021-03-17 08:48:37.723953;332.99;332.99;;1
502390;8;369602;2021-04-26 14:05:24.388798;189.00;189.00;;1
502404;8;371089;2021-03-23 15:34:10;60.00;60.00;;1
502415;8;371015;2020-12-21 10:11:16.801438;249.00;249.00;;1
502426;8;287664;2021-01-06 12:32:27.468842;95.00;95.00;;1
502448;8;369625;2020-12-22 12:16:14.112197;419.00;419.00;;1
502461;8;252783;2020-12-30 09:01:32.791947;209.00;209.00;;1
502487;8;371111;2021-01-25 16:25:27.521733;1007.00;1007.00;;1
502504;8;229459;2021-01-04 16:30:43.012448;315.00;315.00;;1
502555;8;327786;2021-01-06 12:27:31.650589;95.00;95.00;;1
502573;8;316419;2021-01-08 09:43:47.022399;259.00;259.00;;1
502597;8;371161;2021-01-12 10:22:33.953127;454.50;454.50;239.25;1
502599;8;371162;2021-01-12 10:22:52.41941;477.30;477.30;251.23;1
502601;8;371163;2021-01-12 12:29:19.569085;480.00;480.00;252.68;1
502603;8;371164;2021-01-12 12:33:35.216302;457.60;457.60;240.87;1
502605;8;371165;2021-03-22 12:42:22.649478;449.99;449.99;;1
502607;8;371166;2021-03-22 12:49:25.001067;464.99;464.99;;1
502609;8;371167;2021-03-22 12:51:26.888507;576.99;576.99;;1
502611;8;371168;2021-03-22 12:44:46.342258;554.99;554.99;;1
502613;8;371169;2021-03-22 12:48:09.967301;491.99;491.99;;1
502615;8;371170;2021-03-22 12:46:17.101385;515.99;515.99;;1
502617;8;371171;2021-03-22 12:50:27.165698;506.99;506.99;;1
502623;8;371185;2021-03-22 12:31:46.079506;549.99;549.99;;1
502625;8;371186;2021-03-22 12:22:47.005186;499.99;499.99;;1
502635;8;312980;2021-01-14 10:54:22.655883;15.00;15.00;;1
502656;8;371196;2021-01-15 12:03:56.866099;127.87;127.87;67.30;1
505776;8;372712;2021-01-18 12:36:44.741022;265.00;265.00;;1
506065;8;372871;2021-01-18 12:42:53.069897;265.00;265.00;;1
509716;8;374728;2021-01-20 10:54:10.388913;45.00;45.00;18.00;1
509718;8;231812;2021-05-06 16:55:57.757878;25.00;25.00;;1
509721;8;329682;2021-01-20 11:50:48.678112;72.00;72.00;;1
509724;8;333976;2021-01-20 11:54:41.588778;72.00;72.00;;1
509736;8;322007;2021-01-21 10:44:42.782869;739.00;739.00;;1
509741;8;293043;2021-01-21 17:10:55.933373;180.00;180.00;;1
509744;8;348681;2021-01-21 17:36:33.485534;154.00;154.00;;1
509747;8;301539;2021-02-25 15:07:56.203063;108.15;108.15;;1
509754;8;374739;2021-01-22 13:55:37.156461;599.00;599.00;;1
509833;8;374778;2021-01-29 11:44:02.610599;10.00;10.00;;1
509850;8;374785;2021-05-10 11:43:53.533754;165.00;165.00;;1
509852;8;374783;2021-02-02 12:44:03.908423;130.90;130.90;68.90;1
509858;8;12343;2021-02-02 16:32:27.212719;259.00;259.00;;1
509864;8;374786;2021-02-03 14:31:38.397044;549.00;549.00;;1
509867;8;374787;2021-02-03 14:34:17.793938;549.00;549.00;;1
509870;8;14935;2021-02-03 14:39:41.203203;289.00;289.00;;1
509873;8;14934;2021-02-03 14:38:50.30962;289.00;289.00;;1
509876;8;14970;2021-02-03 14:48:33.515219;325.00;325.00;;1
509879;8;14971;2021-02-03 14:46:29.459924;325.00;325.00;;1
509882;8;374788;2021-02-03 14:53:54.461004;325.00;325.00;;1
509885;8;374789;2021-02-03 14:58:06.756063;325.00;325.00;;1
509890;8;374791;2021-02-03 16:25:57.481503;522.00;522.00;;1
509892;8;322954;2021-02-04 08:41:36.38204;122.99;122.99;;1
509901;8;374792;2021-02-04 10:06:21.670058;126.99;126.99;70.25;1
509904;8;321602;2021-02-04 10:16:59.260455;69.00;69.00;;1
509907;8;321603;2021-02-04 10:24:16.277781;69.00;69.00;;1
509915;8;374794;2021-02-05 10:03:42.378082;65.00;65.00;;1
509920;8;235026;2021-02-06 09:33:53.881732;315.00;315.00;;1
509923;8;296226;2021-02-06 09:40:02.052945;315.00;315.00;;1
509929;8;330996;2021-04-16 16:52:10;147.89;;76.94;1
509932;8;332507;2021-04-16 16:53:04;140.12;;76.94;1
509935;8;348310;2021-02-08 13:40:16.568129;159.00;159.00;;1
509944;8;245626;2021-02-08 10:19:50.667057;317.79;317.79;171.78;1
509947;8;245621;2021-02-08 10:20:41.731591;317.79;317.79;171.78;1
509956;8;30723;2021-02-08 10:25:03.80363;115.97;115.97;59.47;1
509968;8;302260;2021-02-08 10:52:19.93941;96.58;96.58;49.53;1
509971;8;325935;2021-02-08 10:56:54.797924;229.22;229.22;123.90;1
509974;8;327285;2021-02-08 11:10:32.413291;229.22;229.22;123.90;1
509977;8;324579;2021-02-08 11:15:13.656416;229.22;229.22;123.90;1
509980;8;333828;2021-02-08 11:19:19.968059;229.22;229.22;123.90;1
509998;8;235542;2021-04-12 10:27:02;226.20;;119.05;1
510001;8;232368;2021-04-06 14:42:33;219.58;;118.69;1
510010;8;348309;2021-02-08 13:40:56.590388;159.00;159.00;;1
510075;8;256003;2021-02-10 17:07:05;126.73;126.73;66.70;1
510085;8;255991;2021-02-10 17:07:09;133.29;133.29;70.15;1
510099;8;256005;2021-02-10 17:07:15;134.37;134.37;70.72;1
510145;8;256543;2021-02-10 17:07:32;120.18;120.18;63.25;1
510147;8;256545;2021-02-10 17:07:33;120.18;120.18;63.25;1
510175;8;255347;2021-02-10 17:07:42;148.58;148.58;78.20;1
510179;8;255350;2021-02-10 17:07:44;148.58;148.58;78.20;1
510183;8;252494;2021-02-10 17:07:45;185.73;185.73;97.75;1
510187;8;252497;2021-02-10 17:07:47;185.73;185.73;97.75;1
510189;8;252496;2021-02-10 17:07:48;185.73;185.73;97.75;1
510193;8;252503;2021-02-10 17:07:49;185.73;185.73;97.75;1
510195;8;252505;2021-02-10 17:07:50;185.73;185.73;97.75;1
510241;8;250844;2021-02-10 17:08:04;185.73;185.73;97.75;1
510438;94;222241;2021-03-31 15:39:15.377226;36.60;36.60;;1
510440;94;222248;2021-03-31 15:39:15.377226;28.50;28.50;;1
510442;94;222249;2021-03-31 15:39:15.377226;36.60;36.60;;1
510444;94;222247;2021-03-31 15:39:15.377226;36.60;36.60;;1
510446;94;14924;2021-03-31 15:39:15.377226;150.65;150.65;79.29;1
510448;94;15071;2021-03-31 15:39:15.377226;549.72;549.72;;1
510450;94;15098;2021-03-31 15:39:15.377226;168.91;168.91;88.90;1
510454;94;30730;2021-03-31 15:39:15.377226;199.14;199.14;104.81;1
510456;94;30884;2021-03-31 15:39:15.377226;212.76;212.76;111.98;1
510458;94;32437;2021-03-31 15:39:15.377226;53.52;53.52;22.30;1
510460;94;32444;2021-03-31 15:39:15.377226;59.86;59.86;24.94;1
510462;94;33994;2021-03-31 15:39:15.377226;27.95;27.95;5.59;1
510464;94;40583;2021-03-31 15:39:15.377226;47.08;47.08;18.83;1
510466;94;43180;2021-03-31 15:39:15.377226;112.81;112.81;57.85;1
510470;94;222250;2021-03-31 15:39:15.377226;237.60;237.60;;1
510474;94;9307;2021-03-31 15:39:15.377226;182.89;182.89;72.63;1
510476;94;30920;2021-03-31 15:39:15.377226;1018.84;1018.84;550.73;1
510478;94;58073;2021-03-31 15:39:15.377226;99.99;99.99;;1
510480;94;222292;2021-03-31 15:39:15.377226;29.99;29.99;;1
510482;94;222293;2021-03-31 15:39:15.377226;29.99;29.99;;1
510484;94;231511;2021-03-31 15:39:15.377226;16.19;16.19;;1
510486;94;231596;2021-03-31 15:39:15.377226;21.59;21.59;;1
510488;94;231377;2021-03-31 15:39:15.377226;459.99;459.99;;1
510490;94;231631;2021-03-31 15:39:15.377226;65.00;65.00;;1
510492;94;45116;2021-03-31 15:39:15.377226;20.00;20.00;;1
510494;94;231320;2021-03-31 15:39:15.377226;32.00;32.00;;1
510496;94;231314;2021-03-31 15:39:15.377226;20.00;20.00;;1
510498;94;222227;2021-03-31 15:39:15.377226;20.00;20.00;;1
510500;94;231649;2021-03-31 15:39:15.377226;388.80;388.80;;1
510502;94;231651;2021-03-31 15:39:15.377226;341.99;341.99;;1
510506;94;231847;2021-03-31 15:39:15.377226;118.79;118.79;;1
510508;94;231348;2021-03-31 15:39:15.377226;10.79;10.79;;1
510510;94;233195;2021-03-31 15:39:15.377226;155.51;155.51;;1
510512;94;233240;2021-03-31 15:39:15.377226;204.12;204.12;;1
510514;94;233245;2021-03-31 15:39:15.377226;36.18;36.18;;1
510516;94;233256;2021-03-31 15:39:15.377226;20.00;20.00;;1
510518;94;233257;2021-03-31 15:39:15.377226;39.99;39.99;;1
510520;94;233258;2021-03-31 15:39:15.377226;45.89;45.89;;1
510522;94;234291;2021-03-31 15:39:15.377226;1559.00;1559.00;;1
510524;94;231815;2021-03-31 15:39:15.377226;33.00;33.00;;1
510526;94;241094;2021-03-31 15:39:15.377226;359.00;359.00;;1
510528;94;244001;2021-03-31 15:39:15.377226;824.87;824.87;;1
510530;94;244005;2021-03-31 15:39:15.377226;1080.00;1080.00;580.00;1
510532;94;231694;2021-03-31 15:39:15.377226;44.99;44.99;;1
510534;94;246597;2021-03-31 15:39:15.377226;65.00;65.00;;1
510536;94;55992;2021-03-31 15:39:15.377226;525.82;525.82;276.75;1
510538;94;230591;2021-03-31 15:39:15.377226;134.51;134.51;53.06;1
510540;94;18670;2021-03-31 15:39:15.377226;359.00;359.00;;1
510542;94;281365;2021-03-31 15:39:15.377226;86.40;86.40;;1
510546;94;284827;2021-03-31 15:39:15.377226;2060.00;2060.00;1326.46;1
510548;94;284989;2021-03-31 15:39:15.377226;1300.00;1300.00;;1
510550;94;8403;2021-03-31 15:39:15.377226;472.45;472.45;187.62;1
510554;94;231440;2021-03-31 15:39:15.377226;369.00;369.00;;1
510556;94;56442;2021-03-31 15:39:15.377226;1164.80;1164.80;314.81;1
510558;94;28400;2021-03-31 15:39:15.377226;216.16;216.16;113.77;1
510560;94;313987;2021-03-31 15:39:15.377226;30.24;30.24;;1
510562;94;227667;2021-03-31 15:39:15.377226;525.84;525.84;276.76;1
510564;94;333859;2021-03-31 15:39:15.377226;670.41;670.41;356.60;1
510566;94;222291;2021-03-31 15:39:15.377226;3.00;3.00;;1
510568;94;222288;2021-03-31 15:39:15.377226;3.00;3.00;;1
510570;94;369461;2021-03-31 15:39:15.377226;466.56;466.56;258.69;1
510572;94;369497;2021-03-31 15:39:15.377226;1559.00;1559.00;;1
510574;94;285075;2021-03-31 15:39:15.377226;1909.79;1909.79;787.42;1
510578;94;58025;2021-03-31 15:39:15.377226;166.59;166.59;87.68;1
510582;94;227375;2021-03-31 15:39:15.377226;34.55;34.55;;1
510584;94;234311;2021-03-31 15:39:15.377226;10.79;10.79;;1
510586;94;369658;2021-03-31 15:39:15.377226;1850.00;1850.00;1181.00;1
510588;94;222232;2021-03-31 15:39:15.377226;19.33;19.33;;1
510590;94;231446;2021-03-31 15:39:15.377226;60.00;60.00;;1
510592;94;369789;2021-03-31 15:39:15.377226;39.99;39.99;;1
510596;94;231347;2021-03-31 15:39:15.377226;28.08;28.08;;1
510598;94;222240;2021-03-31 15:39:15.377226;10.44;10.44;;1
510602;94;222224;2021-03-31 15:39:15.377226;20.00;20.00;;1
510606;94;58093;2021-03-31 15:39:15.377226;21.60;21.60;;1
510610;94;280984;2021-03-31 15:39:15.377226;9.99;9.99;;1
510612;94;311230;2021-03-31 15:39:15.377226;18.99;18.99;;1
510642;94;369828;2021-03-31 15:39:15.377226;171.13;171.13;;1
510650;94;231646;2021-03-31 15:39:15.377226;339.00;339.00;;1
510652;94;366429;2021-03-31 15:39:15.377226;866.50;866.50;465.86;1
510654;94;365073;2021-03-31 15:39:15.377226;29.78;29.78;11.91;1
510656;94;363265;2021-03-31 15:39:15.377226;706.18;706.18;375.63;1
510658;94;362435;2021-03-31 15:39:15.377226;10.00;10.00;1.83;1
510660;94;362434;2021-03-31 15:39:15.377226;45.45;45.45;18.18;1
510662;94;362205;2021-03-31 15:39:15.377226;116.32;116.32;59.65;1
510664;94;359699;2021-03-31 15:39:15.377226;805.39;805.39;430.69;1
510668;94;358288;2021-03-31 15:39:15.377226;581.70;581.70;307.78;1
510670;94;358285;2021-03-31 15:39:15.377226;560.80;560.80;295.16;1
510672;94;355302;2021-03-31 15:39:15.377226;666.33;666.33;354.43;1
510674;94;348746;2021-03-31 15:39:15.377226;191.92;191.92;101.01;1
510676;94;348598;2021-03-31 15:39:15.377226;55.00;55.00;;1
510678;94;346436;2021-03-31 15:39:15.377226;26.33;26.33;10.53;1
510680;94;346377;2021-03-31 15:39:15.377226;53.11;53.11;22.13;1
510682;94;346238;2021-03-31 15:39:15.377226;43.63;43.63;17.45;1
510684;94;333858;2021-03-31 15:39:15.377226;563.86;563.86;296.77;1
510686;94;333678;2021-03-31 15:39:15.377226;293.85;293.85;154.66;1
510688;94;329221;2021-03-31 15:39:15.377226;4108.39;4108.39;2282.44;1
510694;94;326559;2021-03-31 15:39:15.377226;445.06;445.06;234.24;1
510696;94;326080;2021-03-31 15:39:15.377226;344.13;344.13;181.12;1
510698;94;326048;2021-03-31 15:39:15.377226;362.00;362.00;;1
510700;94;324866;2021-03-31 15:39:15.377226;81.27;81.27;38.70;1
510702;94;324061;2021-03-31 15:39:15.377226;178.20;178.20;93.79;1
510704;94;320936;2021-03-31 15:39:15.377226;429.00;429.00;;1
510706;94;320934;2021-03-31 15:39:15.377226;610.41;610.41;341.01;1
510708;94;317994;2021-03-31 15:39:15.377226;323.67;323.67;170.35;1
510710;94;317038;2021-03-31 15:39:15.377226;10.00;10.00;1.58;1
510712;94;313860;2021-03-31 15:39:15.377226;19.50;19.50;7.80;1
510714;94;313158;2021-03-31 15:39:15.377226;10.00;10.00;1.39;1
510716;94;311236;2021-03-31 15:39:15.377226;16.20;16.20;;1
510718;94;311232;2021-03-31 15:39:15.377226;80.00;80.00;;1
510720;94;311131;2021-03-31 15:39:15.377226;95.00;95.00;;1
510722;94;305598;2021-03-31 15:39:15.377226;15.00;15.00;4.40;1
510726;94;295002;2021-03-31 15:39:15.377226;121.43;121.43;63.91;1
510728;94;291851;2021-03-31 15:39:15.377226;68.64;68.64;31.20;1
510730;94;289915;2021-03-31 15:39:15.377226;816.82;816.82;436.80;1
510732;94;285070;2021-03-31 15:39:15.377226;539.00;539.00;;1
510736;94;281165;2021-03-31 15:39:15.377226;57.50;57.50;;1
510742;94;271871;2021-03-31 15:39:15.377226;1691.18;1691.18;924.14;1
510746;94;257095;2021-03-31 15:39:15.377226;210.42;210.42;110.75;1
510752;94;248253;2021-03-31 15:39:15.377226;582.13;582.13;308.01;1
510754;94;246189;2021-03-31 15:39:15.377226;93.46;93.46;47.93;1
510756;94;246183;2021-03-31 15:39:15.377226;94.91;94.91;48.67;1
510758;94;231548;2021-03-31 15:39:15.377226;31.32;31.32;;1
510760;94;231547;2021-03-31 15:39:15.377226;29.00;29.00;;1
510762;94;230764;2021-03-31 15:39:15.377226;45.30;45.30;18.12;1
510764;94;227057;2021-03-31 15:39:15.377226;220.00;220.00;;1
510766;94;222287;2021-03-31 15:39:15.377226;64.79;64.79;;1
510768;94;222286;2021-03-31 15:39:15.377226;81.00;81.00;;1
510774;94;28834;2021-04-26 15:49:11.130315;306.00;306.00;;1
510776;94;28797;2021-03-31 15:39:15.377226;455.00;455.00;;1
510778;94;1465;2021-03-31 15:39:15.377226;20.00;20.00;;1
510784;94;369761;2021-03-31 15:39:15.377226;159.00;159.00;;1
510786;94;327118;2021-03-31 15:39:15.377226;152.00;152.00;;1
510788;94;369858;2021-03-31 15:39:15.377226;1559.00;1559.00;;1
510790;94;302446;2021-03-31 15:39:15.377226;75.50;75.50;34.32;1
510792;94;284938;2021-03-31 15:39:15.377226;39.55;39.55;;1
510794;94;275078;2021-03-31 15:39:15.377226;169.99;169.99;92.40;1
510796;94;370545;2021-03-31 15:39:15.377226;362.00;362.00;;1
510802;94;370568;2021-03-31 15:39:15.377226;18.00;18.00;;1
510804;94;370569;2021-03-31 15:39:15.377226;22.00;22.00;;1
510810;94;370577;2021-03-31 15:39:15.377226;39.99;39.99;;1
510812;94;370945;2021-03-31 15:39:15.377226;22.00;22.00;;1
510814;94;370946;2021-03-31 15:39:15.377226;93.00;93.00;49.36;1
510816;94;232416;2021-03-31 15:39:15.377226;286.92;286.92;151.01;1
510818;94;371042;2021-03-31 15:39:15.377226;1161.60;1161.60;;1
510824;94;371180;2021-03-31 15:39:15.377226;20.00;20.00;8.00;1
510826;94;371181;2021-03-31 15:39:15.377226;589.00;589.00;292.01;1
510828;94;371182;2021-03-31 15:39:15.377226;560.00;560.00;280.00;1
510830;94;371183;2021-03-31 15:39:15.377226;66.75;66.75;;1
510836;94;373102;2021-03-31 15:39:15.377226;66.45;66.45;28.89;1
510846;94;372552;2021-03-31 15:39:15.377226;20.00;20.00;5.64;1
510848;8;374810;2021-02-11 18:03:22.807589;150.00;150.00;;1
512469;96;30406;2021-05-11 09:05:46;2099.00;2099.00;;1
512473;96;58074;2021-05-10 15:39:40;54.00;54.00;;1
513059;96;231679;2021-03-12 12:38:01.280762;207.89;207.89;;1
513091;96;231813;2021-04-08 14:41:34.592913;172.00;172.00;;1
513099;96;231817;2021-05-13 13:57:46;609.00;609.01;;1
513107;96;231816;2021-05-13 11:39:13;319.90;319.19;;1
513573;96;281276;2021-03-22 11:12:55.203223;180.50;180.50;95.00;1
514077;96;286199;2021-05-13 14:07:45;119.00;119.00;;1
514887;96;328193;2021-05-11 09:52:12;90.00;90.00;;1
515435;96;368268;2021-05-11 18:26:53;61.00;61.00;;1
515507;96;369593;2021-05-10 15:36:08;187.00;187.00;98.35;1
515621;96;369803;2021-02-19 15:24:53.219081;115.20;115.20;;1
515895;96;370558;2021-05-13 14:56:52;1629.00;1629.00;;1
516155;8;374816;2021-02-12 11:39:10.858572;315.00;315.00;;1
516158;8;374817;2021-02-12 11:47:49.634051;1399.00;1399.00;;1
516161;8;374818;2021-05-07 15:14:31.560785;359.00;359.00;;1
516166;8;370537;2021-02-12 15:12:30;467.00;467.00;;1
516168;8;370539;2021-02-12 15:16:45;467.00;467.00;;1
516170;8;374826;2021-02-16 09:19:01.144611;429.22;429.22;225.91;1
516181;8;374831;2021-02-18 09:13:15.155016;304.00;304.00;160.00;1
516185;8;374833;2021-02-18 10:39:28.093542;228.00;228.00;120.00;1
516241;96;231733;2021-04-05 17:16:51.981594;1654.20;1654.20;;1
516273;96;283179;2021-05-11 08:44:45;199.00;199.00;;1
516461;96;369821;2021-04-19 14:30:43.97632;125.00;125.00;;1
516495;96;370575;2021-05-10 19:20:21;499.00;499.00;;1
516707;95;368268;2021-05-11 18:26:53;61.00;61.00;;1
516721;94;15728;2021-03-31 15:39:15.377226;539.49;539.49;283.94;1
516723;94;6704;2021-03-31 15:39:15.377226;111.59;111.59;39.84;1
516725;94;314101;2021-03-31 15:39:15.377226;92.59;92.59;47.48;1
516727;94;319715;2021-03-31 15:39:15.377226;505.07;505.07;265.82;1
516729;94;319714;2021-03-31 15:39:15.377226;505.07;505.07;265.82;1
516739;94;245685;2021-03-31 15:39:15.377226;132.83;132.83;69.91;1
516741;94;245505;2021-03-31 15:39:15.377226;244.53;244.53;132.18;1
516743;94;245500;2021-03-31 15:39:15.377226;296.34;296.34;155.97;1
516755;94;374732;2021-03-31 15:39:15.377226;108.85;108.85;55.82;1
516757;94;374733;2021-03-31 15:39:15.377226;108.85;108.85;55.82;1
517286;8;280532;2021-02-19 10:40:32.415617;235.00;235.00;;1
522800;8;286713;2021-04-13 11:06:17.375876;288.89;288.89;152.05;1
522808;8;377849;2021-02-22 12:21:57.387922;419.00;419.00;;1
522814;8;377851;2021-02-22 12:35:45.740443;419.00;419.00;;1
522820;8;285356;2021-02-22 15:22:11.536239;95.00;95.00;;1
522823;8;285355;2021-02-22 15:25:39.935465;95.00;95.00;;1
522826;8;377854;2021-02-22 15:38:16.065903;185.00;185.00;;1
522851;8;242218;2021-03-19 11:55:56.717339;815.00;815.00;435.00;1
522854;8;326015;2021-02-23 15:12:53.222499;65.00;65.00;;1
522857;8;306781;2021-02-23 15:13:53.323192;65.00;65.00;;1
522860;8;306780;2021-02-23 15:24:51.485729;65.00;65.00;;1
522863;8;330829;2021-02-23 15:26:20.295338;65.00;65.00;;1
525448;96;44063;2021-05-10 16:40:16;38.00;38.00;;1
526328;94;355108;2021-03-31 15:39:15.377226;1396.69;1396.69;759.07;1
526330;94;362279;2021-03-31 15:39:15.377226;1057.09;1057.09;571.40;1
526332;94;362258;2021-03-31 15:39:15.377226;1097.68;1097.68;593.34;1
526338;94;374771;2021-03-31 15:39:15.377226;1006.40;1006.40;544.00;1
526340;94;374772;2021-03-31 15:39:15.377226;1006.40;1006.40;544.00;1
526599;8;379375;2021-02-25 12:26:00.466178;439.00;439.00;;1
526602;8;379376;2021-02-25 12:29:20.297662;439.00;439.00;;1
526605;8;231862;2021-02-25 12:33:38.327665;259.00;259.00;;1
526608;8;231861;2021-02-25 12:38:45.782533;259.00;259.00;;1
526611;8;275267;2021-02-25 12:51:51.920483;159.00;159.00;;1
526614;8;379377;2021-02-25 12:58:36.753755;439.00;439.00;;1
526629;8;276736;2021-02-25 15:11:02.718876;225.00;225.00;;1
526632;8;275266;2021-02-25 15:19:23.744385;165.00;165.00;;1
526635;8;318167;2021-02-25 15:23:35.493053;165.00;165.00;;1
526641;8;329564;2021-05-07 09:57:42.241429;3600.00;3600.00;;1
526644;8;379378;2021-02-25 16:05:47.136093;325.00;325.00;;1
526647;8;379379;2021-02-25 16:08:24.416782;325.00;325.00;;1
526653;8;292064;2021-03-23 15:17:56;757.35;;185.00;1
526656;8;304677;2021-03-01 18:27:48.625542;459.00;459.00;;1
526659;8;379382;2021-04-05 10:11:29.081259;531.00;531.00;;1
526662;8;379383;2021-02-26 08:52:06.494235;418.00;418.00;220.00;1
526682;8;325249;2021-03-15 15:11:39.023649;612.00;612.00;;1
526861;96;287905;2021-05-10 15:21:07;1549.00;1549.00;;1
527335;95;348311;2021-05-04 11:04:27.98233;125.00;125.00;;1
527385;94;28659;2021-03-31 15:39:15.377226;152.17;152.17;80.09;1
527387;94;30632;2021-03-31 15:39:15.377226;152.23;152.23;80.12;1
527389;94;30724;2021-03-31 15:39:15.377226;164.16;164.16;86.40;1
527391;94;31221;2021-03-31 15:39:15.377226;76.19;76.19;34.63;1
527393;94;41626;2021-03-31 15:39:15.377226;67.30;67.30;30.59;1
527395;94;313254;2021-03-31 15:39:15.377226;10.00;10.00;1.61;1
527397;94;361142;2021-03-31 15:39:15.377226;226.25;226.25;119.08;1
527399;94;344948;2021-03-31 15:39:15.377226;453.07;453.07;238.46;1
527401;94;344947;2021-03-31 15:39:15.377226;453.07;453.07;238.46;1
527403;94;312446;2021-03-31 15:39:15.377226;10.00;10.00;0.21;1
527405;94;295029;2021-03-31 15:39:15.377226;15.00;15.00;3.61;1
527407;94;285049;2021-03-31 15:39:15.377226;169.00;169.00;93.00;1
527409;94;230299;2021-03-31 15:39:15.377226;209.04;209.04;110.02;1
527411;94;29094;2021-03-31 15:39:15.377226;190.51;190.51;100.27;1
527415;94;371414;2021-03-31 15:39:15.377226;10.00;10.00;0.10;1
527417;94;372735;2021-03-31 15:39:15.377226;34.95;34.95;13.98;1
527495;96;285625;2021-05-11 12:04:23;89.99;89.99;;1
527533;8;379396;2021-03-03 08:44:50.879341;2669.00;2669.00;1475.87;1
527607;8;379397;2021-04-08 12:06:11;289.00;;155.00;1
527687;8;309994;2021-03-03 17:24:49.441714;485.00;485.00;;1
527818;94;379399;2021-03-31 15:39:15.377226;5220.00;5220.00;2900.00;1
527844;96;252782;2021-05-10 10:48:13;199.99;199.99;;1
527892;8;379401;2021-03-05 08:36:09.916689;1241.35;1241.35;671.49;1
530356;96;234316;2021-05-13 10:22:09;135.00;135.00;;1
530384;96;42962;2021-03-18 16:27:12.783099;95.00;95.00;50.00;1
530669;94;41197;2021-03-31 15:39:15.377226;48.13;48.13;19.25;1
530671;94;41515;2021-03-31 15:39:15.377226;144.55;144.55;38.04;1
530673;94;231701;2021-03-31 15:39:15.377226;55.00;55.00;;1
530679;94;344477;2021-03-31 15:39:15.377226;118.80;118.80;;1
530681;94;363355;2021-03-31 15:39:15.377226;80.89;80.89;38.52;1
530683;94;354913;2021-03-31 15:39:15.377226;116.04;116.04;59.51;1
530685;94;6547;2021-03-31 15:39:15.377226;164.88;164.88;68.34;1
530687;94;6548;2021-03-31 15:39:15.377226;164.88;164.88;68.34;1
530689;94;58072;2021-03-31 15:39:15.377226;160.55;160.55;;1
530691;94;222568;2021-03-31 15:39:15.377226;24.99;24.99;;1
530693;94;311293;2021-03-31 15:39:15.377226;25.08;25.08;3.87;1
530695;94;280616;2021-03-31 15:39:15.377226;729.90;729.90;297.93;1
530736;94;238131;2021-03-31 15:39:15.377226;689.00;689.00;;1
530738;8;380565;2021-03-09 12:33:07.037482;389.00;389.00;;1
530756;8;380567;2021-03-09 13:45:26.793936;579.00;579.00;200.00;1
530792;8;380569;2021-04-08 12:10:01;289.00;;155.00;1
530795;8;380570;2021-04-08 12:12:36;289.00;;155.00;1
530798;8;380571;2021-04-08 12:13:29;286.75;;155.00;1
530916;8;380575;2021-03-10 10:09:59.703806;380.00;380.00;200.00;1
530957;94;234297;2021-03-31 15:39:15.377226;789.00;789.00;;1
531000;96;252787;2021-05-10 10:58:16;180.00;180.00;;1
531048;8;380578;2021-03-10 17:48:19.755852;149.99;149.99;;1
531059;94;12666;2021-03-31 15:39:15.377226;704.49;704.49;374.73;1
531073;94;14879;2021-03-31 15:39:15.377226;316.08;316.08;166.36;1
531075;94;313566;2021-03-31 15:39:15.377226;483.91;483.91;254.69;1
531077;94;230069;2021-03-31 15:39:15.377226;310.95;310.95;163.66;1
531115;94;44091;2021-03-31 15:39:15.377226;116.94;116.94;59.97;1
531117;94;55892;2021-03-31 15:39:15.377226;116.94;116.94;59.97;1
531235;8;326995;2021-03-11 16:18:36.537739;55.00;55.00;;1
531367;8;359026;2021-03-12 11:46:31.078682;145.00;145.00;;1
531470;8;380592;2021-03-16 14:25:02.202507;219.99;219.99;;1
531485;8;380593;2021-03-12 16:58:26.868836;343.00;343.00;;1
531576;8;253043;2021-03-15 10:54:55.216295;215.00;215.00;;1
531727;8;380595;2021-03-15 17:05:28.017588;437.00;;230.00;1
531927;8;380596;2021-03-17 14:24:04.523324;113.39;113.39;34.89;1
531933;8;380597;2021-03-17 14:26:48.847708;101.69;101.69;31.29;1
531937;8;380598;2021-03-17 14:27:23.062854;117.09;117.09;36.03;1
531939;8;380599;2021-03-17 14:28:30.273085;116.61;116.61;35.88;1
531943;8;380600;2021-03-17 14:29:41.21026;110.43;110.43;33.98;1
531945;8;283581;2021-03-16 14:21:15.279359;142.99;142.99;;1
531969;8;375007;2021-03-16 14:27:57.623082;199.99;199.99;;1
531988;8;276283;2021-03-16 15:15:07.10963;199.99;199.99;;1
531991;8;380601;2021-03-17 14:30:37.678093;125.93;125.93;38.75;1
531995;8;380602;2021-03-17 14:31:09.088319;145.56;145.56;44.79;1
531997;8;380603;2021-03-17 14:31:40.096204;134.16;134.16;41.28;1
531999;8;380604;2021-03-17 14:32:22.969424;115.83;115.83;35.64;1
532017;8;380605;2021-03-17 14:32:53.74853;91.65;91.65;28.20;1
532019;8;380606;2021-03-17 14:33:29.063371;90.83;90.83;27.95;1
532021;8;380607;2021-03-17 14:33:54.435081;112.71;112.71;34.68;1
532031;8;380608;2021-03-17 14:34:21.529998;135.03;135.03;41.55;1
532036;8;380610;2021-03-17 14:34:50.284432;160.55;160.55;49.40;1
532038;8;380611;2021-03-17 14:35:17.629811;111.60;111.60;34.34;1
532062;8;380612;2021-03-17 14:36:24.321783;125.90;129.90;38.74;1
532074;94;280989;2021-03-31 15:39:15.377226;1834.92;1834.92;;1
532076;8;366921;2021-03-16 16:45:19.325637;195.00;195.00;;1
532079;8;380613;2021-03-17 14:36:56.320728;243.91;243.91;75.05;1
532097;8;380614;2021-03-17 14:37:32.526352;93.86;93.86;27.88;1
532099;8;375005;2021-03-16 17:08:05.017662;195.00;195.00;;1
532102;8;380615;2021-03-17 14:38:02.013008;75.49;75.49;23.23;1
532144;8;380616;2021-03-17 14:38:31.883087;96.10;96.10;29.57;1
532150;8;380617;2021-03-17 15:41:33.959688;493.31;493.31;151.79;1
532152;8;380618;2021-03-17 15:42:22.030354;534.17;534.17;164.36;1
532176;8;380619;2021-03-17 15:42:50.470758;128.60;128.60;39.57;1
532182;8;380620;2021-03-17 15:43:20.179787;110.79;110.79;34.09;1
532184;8;380621;2021-03-17 15:43:44.973523;102.63;102.63;31.58;1
532186;8;380622;2021-03-17 15:44:13.797556;81.83;81.83;25.18;1
532208;8;380623;2021-03-17 15:44:59.925397;147.90;147.90;45.51;1
532210;8;380624;2021-03-17 15:46:07.672623;106.01;106.01;36.62;1
532212;8;380626;2021-03-17 15:46:39.158529;197.95;197.95;60.91;1
532220;8;380627;2021-03-17 15:47:20.039563;407.74;407.74;125.46;1
532229;8;380629;2021-03-17 15:48:03.523929;211.80;211.80;65.17;1
532231;8;380630;2021-03-17 15:48:34.169081;162.33;162.33;49.95;1
532237;8;380631;2021-03-17 15:49:00.640408;142.93;142.93;43.98;1
532258;8;380633;2021-03-17 11:45:35.263499;160.00;;;1
532261;8;380636;2021-03-17 11:48:11.147506;160.00;160.00;;1
532368;94;237960;2021-03-31 15:39:15.377226;759.64;759.64;406.22;1
532370;94;15198;2021-03-31 15:39:15.377226;628.46;628.46;332.52;1
532477;8;263670;2021-03-18 14:52:15.432961;69.99;69.99;;1
532558;8;371684;2021-03-19 09:20:48.366143;15.00;15.00;;1
532693;8;380645;2021-03-19 11:22:16.04663;8.00;8.00;;1
532700;8;380647;2021-03-19 11:37:56.163483;8.00;8.00;;1
532703;8;380646;2021-03-19 11:38:24.561805;8.00;8.00;;1
532720;8;380648;2021-03-19 11:45:20.932295;8.00;8.00;;1
532787;8;380669;2021-03-23 11:48:11;620.82;;344.90;1
532810;94;322240;2021-03-31 15:39:15.377226;18.72;18.72;7.49;1
532926;8;380671;2021-03-22 11:17:26.880494;119.99;119.99;;1
532939;8;301636;2021-03-22 12:19:40.379127;99.99;99.99;;1
533025;8;299229;2021-03-23 10:46:12.419097;69.99;69.99;;1
533035;8;44579;2021-03-23 11:50:36;626.78;;348.21;1
533040;8;380678;2021-03-23 16:11:44.075164;234.00;234.00;;1
533055;8;346642;2021-03-23 15:23:37.405122;333.00;333.00;;1
533060;8;369810;2021-03-23 16:16:12.085907;159.99;159.99;;1
533174;94;371188;2021-03-31 15:39:15.377226;141.75;141.75;;1
533326;94;284973;2021-03-31 15:39:15.377226;3446.00;3446.00;1915.00;1
533485;8;380688;2021-03-25 10:08:39.104088;900.00;900.00;;1
533488;8;380687;2021-03-25 10:10:19.637586;540.00;540.00;;1
533571;8;380709;2021-03-25 11:48:37.048284;412.00;412.00;;1
533576;8;380710;2021-03-25 11:57:00.841389;1050.00;1050.00;;1
533695;94;12451;2021-03-31 15:39:15.377226;529.36;529.36;278.61;1
533697;94;12720;2021-03-31 15:39:15.377226;534.24;534.24;281.18;1
533699;94;229054;2021-03-31 15:39:15.377226;118.69;118.69;62.47;1
533810;94;380706;2021-03-31 15:39:15.377226;1299.00;1299.00;;1
533878;8;380734;2021-03-26 17:46:32.279152;270.00;270.00;100.00;1
533895;8;380738;2021-03-27 18:35:29.521249;110.00;110.00;;1
533898;8;380739;2021-03-27 18:45:18.736351;79.00;79.00;;1
534086;8;229837;2021-03-30 16:13:27;599.00;;328.77;1
534089;8;380819;2021-03-29 09:24:51.132844;769.00;769.00;405.00;1
536153;8;381830;2021-03-29 15:48:09.151859;1485.00;1485.00;781.60;1
536319;8;313316;2021-04-14 11:22:01.517833;529.00;529.00;;1
536344;94;353316;2021-03-31 15:39:15.377226;164.03;164.03;86.33;1
536346;94;301348;2021-03-31 15:39:15.377226;84.86;84.86;42.43;1
536348;94;296974;2021-03-31 15:39:15.377226;45.24;45.24;18.10;1
536452;8;381833;2021-03-30 15:05:54.409994;579.99;579.99;;1
536489;94;313455;2021-03-31 15:39:15.377226;938.73;938.73;507.42;1
536619;8;381835;2021-03-31 09:28:07.84451;63.00;63.00;33.25;1
536717;94;236162;2021-03-31 15:39:15.377226;3599.00;3599.00;;1
536719;94;379061;2021-03-31 15:39:15.377226;1196.54;1196.54;646.78;1
536845;96;381841;2021-05-10 18:55:58;339.00;339.00;;1
537165;8;381851;2021-04-05 12:20:58.125964;323.00;323.00;170.00;1
537169;8;381852;2021-04-05 12:22:01.907314;456.00;456.00;240.00;1
537211;96;344811;2021-05-10 12:40:12;120.00;120.00;;1
537391;8;381854;2021-04-06 09:48:49.023832;209.00;209.00;;1
537406;8;381855;2021-05-04 14:53:09;66.88;66.88;38.00;1
537420;8;381862;2021-05-04 14:53:22;70.40;70.40;40.00;1
537422;8;381863;2021-05-04 14:53:24;66.88;66.88;38.00;1
537424;8;381864;2021-05-04 14:53:25;80.00;80.00;50.00;1
537428;8;381866;2021-05-04 14:53:28;73.92;73.92;42.00;1
537430;8;381867;2021-05-04 14:53:30;89.60;89.60;56.00;1
537432;8;381868;2021-05-04 14:53:31;89.60;89.60;56.00;1
537440;8;381872;2021-05-04 14:53:37;70.40;70.40;40.00;1
537442;8;381873;2021-05-04 14:53:38;66.88;66.88;38.00;1
537444;8;381874;2021-05-04 14:53:40;89.60;89.60;56.00;1
537448;8;381876;2021-05-04 14:53:43;80.64;80.64;48.00;1
537450;8;381877;2021-05-04 14:53:45;70.40;70.40;40.00;1
537452;8;381878;2021-05-04 14:53:46;70.40;70.40;40.00;1
537454;8;381879;2021-05-04 14:53:48;75.68;75.68;43.00;1
537458;8;381881;2021-05-04 14:53:52;70.40;70.40;40.00;1
537464;8;381884;2021-05-04 14:54:12;60.72;60.72;33.00;1
537466;8;381885;2021-05-04 14:54:00;80.64;80.64;48.00;1
537468;8;381886;2021-05-04 14:54:01;88.00;88.00;55.00;1
537470;8;381887;2021-05-04 14:54:03;80.64;80.64;48.00;1
537472;8;381888;2021-05-04 14:54:04;88.00;88.00;55.00;1
537478;8;381891;2021-05-04 14:54:09;70.40;70.40;40.00;1
537486;8;381895;2021-05-04 14:54:18;70.40;70.40;40.00;1
537490;8;381897;2021-05-04 14:54:21;93.60;93.60;60.00;1
537494;8;381899;2021-05-04 14:54:24;70.40;70.40;40.00;1
537550;8;229305;2021-04-06 14:32:02.679597;109.90;109.90;;1
537553;8;229303;2021-04-06 14:31:09.508995;109.90;109.90;;1
537609;8;331128;2021-04-16 17:05:43;127.74;;70.06;1
537612;8;324416;2021-04-16 17:04:03;127.76;;70.06;1
537625;8;381918;2021-04-06 16:07:58.163077;335.00;335.00;;1
537628;8;381919;2021-04-06 16:13:29.363874;335.00;335.00;;1
537731;8;231387;2021-04-07 08:52:10.113326;1779.00;1779.00;;1
537742;8;381922;2021-04-07 09:31:55.151184;45.00;45.00;18.14;1
537807;8;381931;2021-04-08 11:42:53.126902;1128.60;1128.60;627.00;1
538037;8;381937;2021-05-04 14:53:07;66.88;66.88;38.00;1
538043;8;381938;2021-04-08 11:40:51.90957;241.00;241.00;127.19;1
538218;8;381942;2021-04-09 09:58:28.100718;109.00;109.00;;1
538357;96;271470;2021-05-11 17:26:38;120.00;120.00;;1
538391;8;381945;2021-04-12 09:35:36.777256;1017.50;1017.50;;1
538413;8;381947;2021-04-30 16:39:45;443.85;;240.06;1
538416;8;315898;2021-04-12 13:28:30;443.85;;239.92;1
538421;8;246065;2021-04-30 16:48:25;82.20;;44.43;1
538426;8;246071;2021-04-30 16:44:13;82.20;;44.43;1
538429;8;358905;2021-04-12 13:29:35;116.64;;61.16;1
538434;8;358904;2021-04-12 13:29:52;116.64;;61.16;1
538445;8;354418;2021-04-12 13:30:52;89.13;;46.91;1
538451;8;261312;2021-04-12 11:16:06;57.11;;30.06;1
538460;8;381951;2021-04-16 17:13:17;110.52;;51.18;1
538467;8;381952;2021-04-16 17:11:55;110.52;;51.18;1
538470;8;381953;2021-04-16 17:15:59;122.90;;56.91;1
538475;8;381954;2021-04-16 17:14:53;122.90;;56.91;1
538490;8;31873;2021-04-12 13:09:53;45.00;;20.65;1
538493;8;43338;2021-04-12 13:11:02;47.18;;24.83;1
538496;8;43339;2021-04-12 13:13:21;47.18;;24.83;1
538499;8;229917;2021-04-12 13:19:12;49.67;;26.14;1
538504;8;229952;2021-04-12 13:22:02;49.67;;26.14;1
538507;8;267642;2021-04-12 13:27:04;14.99;;7.45;1
538594;8;369872;2021-04-14 11:19:55.029455;70.00;70.00;;1
538728;8;381958;2021-04-13 09:07:42.355023;82.08;82.08;43.20;1
538732;8;43617;2021-04-13 09:39:46.96058;60.00;60.00;;1
538742;8;43618;2021-04-13 09:52:12.987457;60.00;60.00;;1
538747;8;241438;2021-04-13 10:40:04.529427;379.00;379.00;;1
538750;8;241437;2021-04-13 10:44:53.730266;379.00;379.00;;1
538864;8;301361;2021-04-13 16:03:09.105687;119.99;119.99;;1
539083;8;381973;2021-04-14 15:21:27.582939;722.00;722.00;380.00;1
539085;8;381974;2021-04-14 15:25:08.296668;266.00;266.00;;1
539087;8;381975;2021-04-14 15:25:52.82075;361.00;361.00;;1
539133;8;381976;2021-04-14 17:30:42.174953;60.00;60.00;;1
539143;8;15226;2021-04-14 17:44:58.014545;429.00;429.00;;1
539252;8;381978;2021-04-15 11:40:02.315502;25.00;25.00;10.58;1
539254;8;381979;2021-04-15 11:41:13.697633;42.50;42.50;17.26;1
539311;8;321894;2021-04-15 15:24:52.103433;75.00;75.00;;1
539394;8;381984;2021-04-16 09:18:20.673167;190.00;190.00;100.38;1
539450;8;381986;2021-04-16 11:35:04.004354;35.00;35.00;;1
539609;95;344811;2021-05-10 12:40:12;120.00;120.00;;1
539707;8;381990;2021-04-19 12:47:27.293879;1939.80;1939.80;1060.00;1
539781;8;381991;2021-04-28 08:48:58.133185;10.00;10.00;;1
539869;8;261009;2021-04-20 08:25:09.89062;106.90;106.90;50.00;1
539894;8;381994;2021-04-19 19:28:40.679627;419.00;419.00;;1
540041;8;281213;2021-04-20 15:50:10.064919;149.00;149.00;;1
540044;8;382006;2021-04-20 16:00:05.906303;449.00;449.00;;1
540163;8;382009;2021-04-22 10:31:17.026264;410.00;410.00;216.00;1
540548;8;372534;2021-04-23 15:33:37.144826;19.99;19.99;;1
540661;8;382024;2021-04-26 11:27:53.291428;2179.00;2179.00;;1
540828;8;283584;2021-04-26 15:28:22.838249;109.00;109.00;;1
540831;8;378706;2021-04-26 15:41:43.82837;102.00;102.00;;1
540855;8;280993;2021-04-26 15:46:23.64152;2159.00;2159.00;;1
540858;8;382059;2021-04-26 16:04:40.24751;165.00;165.00;;1
540874;8;382060;2021-04-26 16:17:06.046863;104.90;104.90;;1
540927;8;382061;2021-04-26 17:16:02.094962;144.90;144.90;;1
540954;8;12228;2021-04-26 18:40:24.796567;79.99;79.99;;1
540959;8;12227;2021-04-26 18:48:16.236811;79.99;79.99;;1
541072;8;382066;2021-04-27 13:51:40.616898;150.00;150.00;79.00;1
541094;8;250586;2021-04-27 15:16:51.850763;199.99;199.99;;1
541104;8;381842;2021-04-27 15:48:22.708958;361.00;361.00;190.00;1
541408;8;380719;2021-04-28 15:52:04.862142;209.00;209.00;;1
541411;8;380720;2021-04-28 15:57:25.45403;209.00;209.00;;1
541637;8;284035;2021-04-29 16:51:17.588753;20.00;20.00;;1
541710;8;382090;2021-04-30 11:53:26.546671;2400.00;2400.00;1.31;1
541727;8;382091;2021-04-30 12:57:41.675625;245.00;245.00;;1
541782;8;256052;2021-05-10 19:21:18.450413;100.00;100.00;;1
541785;8;256051;2021-05-10 11:10:53.55708;100.00;100.00;;1
541852;8;382093;2021-04-30 17:45:42.139655;179.00;179.00;;1
541865;8;234367;2021-04-30 18:12:19.344263;999.00;999.00;;1
542004;8;304686;2021-05-03 14:57:20.636255;435.00;435.00;;1
542195;96;351109;2021-05-10 18:30:17;25.00;25.00;;1
542390;8;382142;2021-05-04 17:35:48.918097;328.47;328.47;172.88;1
542444;8;382143;2021-05-05 10:11:10.911967;30.00;30.00;12.00;1
542448;8;382144;2021-05-05 10:30:41.493889;1165.50;1165.50;630.00;1
542474;8;311174;2021-05-05 11:58:48.060886;1299.00;1299.00;;1
542530;8;382146;2021-05-05 16:20:13.679015;369.99;369.99;;1
542533;8;382147;2021-05-05 16:24:10.874664;369.99;369.99;;1
542580;8;56485;2021-05-05 18:31:32.635185;649.00;649.00;;1
542583;8;228912;2021-05-05 18:32:19.358205;649.00;649.00;;1
542586;8;382151;2021-05-06 08:32:21.734818;279.77;279.77;147.25;1
542752;8;382153;2021-05-06 15:21:51.173285;85.00;85.00;;1
542851;8;32371;2021-05-07 10:32:17.8573;24.90;24.90;;1
542854;8;297658;2021-05-07 10:35:08.224599;24.90;24.90;;1
542905;8;240059;2021-05-07 14:37:24.105492;3749.00;3749.00;;1
542916;8;382160;2021-05-07 15:56:43.450826;291.23;291.23;153.28;1
542991;8;257971;2021-05-10 09:36:32.718543;159.99;159.99;;1
543027;96;254157;2021-05-10 11:27:44;189.00;189.00;;1
543035;8;382165;2021-05-10 11:05:44.331187;180.00;180.00;;1
543047;96;341772;2021-05-11 15:58:31;289.00;289.00;;1
543217;8;382167;2021-05-10 17:52:29.315461;85.00;85.00;;1
543232;8;374952;2021-05-10 18:09:29.320904;75.00;75.00;;1
543235;8;374953;2021-05-10 18:13:03.812763;75.00;75.00;;1
543335;8;382168;2021-05-11 10:25:58.434245;1461.50;1461.50;790.00;1
543337;8;382169;2021-05-11 10:44:45.723933;171.00;171.00;90.00;1
543349;8;382172;2021-05-11 11:41:21.94912;54.75;54.75;21.90;1
543367;8;382175;2021-05-11 12:39:32.559125;159.22;159.22;83.80;1
543383;8;382176;2021-05-11 13:23:08.108962;105.00;105.00;;1
543388;8;382177;2021-05-11 13:26:57.234453;105.00;105.00;;1
543391;8;382178;2021-05-11 13:36:07.260908;100.00;100.00;;1
543394;8;382179;2021-05-11 13:39:56.526524;100.00;100.00;;1
543487;96;311212;2021-05-12 16:32:00;119.00;119.00;;1
543545;8;382186;2021-05-12 09:38:52.578805;237.50;237.50;125.00;1
543629;8;382188;2021-05-12 15:35:05.074357;1041.60;1041.60;560.00;1
